ID_Alumno,Promedio,Faltas,Tareas_No_Entregadas,Ingreso_Familiar,Participación_Clase,Nivel_Estrés,Abandono
1,10.618101782710436,46,11,1801,0.7585018809163907,2,0
2,19.260714596148745,11,3,4663,0.014628258877675715,1,0
3,15.979909127171076,15,4,3640,0.2072422997688783,4,0
4,13.979877262955549,23,12,3736,0.7132358680833368,3,0
5,7.340279606636548,18,14,2852,0.3866201726338342,1,0
6,7.33991780504304,7,15,2432,0.6624839469416082,1,0
7,5.871254182522992,30,9,3221,0.3469626597345584,3,0
8,17.99264218662403,20,15,864,0.3907551523296371,2,0
9,14.016725176148132,16,11,2890,0.15867887368968492,1,0
10,15.621088666940683,22,16,1446,0.25823101966616,3,0
11,5.308767414437037,36,15,1877,0.6054117575075872,2,0
12,19.548647782429917,15,11,1939,0.4331631113151664,4,1
13,17.48663961200633,5,7,3680,0.7743026829445951,3,0
14,8.185086660174143,7,19,840,0.8525849549383427,1,0
15,7.727374508106509,24,2,3489,0.5416464182167599,4,1
16,7.7510676478015075,17,15,882,0.7582672920560591,2,0
17,9.563633644393066,24,12,2056,0.30690451319457,2,0
18,12.871346474483568,11,18,799,0.4149712154000782,3,1
19,11.479175279631736,14,7,638,0.712777676216831,3,0
20,9.368437102970628,25,4,858,0.38621199281703067,3,0
21,14.177793420835693,40,19,2022,0.5885049351589888,2,0
22,7.092407909780627,44,7,3956,0.18537277908251149,4,0
23,9.382169728028273,25,11,2127,0.599771314970498,2,0
24,10.495427649405375,46,0,1803,0.8615137072268936,1,0
25,11.841049763255539,31,19,1634,0.8686396398234256,2,0
26,16.777639420895206,9,5,2686,0.7243444063295397,1,0
27,7.995106732375396,15,17,3670,0.745753379076126,4,0
28,12.713516576204174,6,7,4335,0.5579274451507007,3,0
29,13.886218532930638,16,6,2651,0.5846680901658248,3,0
30,5.696756190799966,22,0,1737,0.133650581410518,2,0
31,14.113172778521575,25,15,4235,0.4438591884213011,3,0
32,7.557861855309373,20,11,3334,0.4507762838863638,4,0
33,5.975773894779193,21,5,4760,0.9584978356677402,3,0
34,19.233283058799998,6,19,1498,0.43108686262328944,2,0
35,19.48448049611839,13,1,3067,0.5493426449027576,4,1
36,17.125960221746915,14,13,1807,0.5332513992791025,1,0
37,9.56920653760056,6,3,1156,0.6367617170443272,2,0
38,6.465081710095758,8,0,3160,0.7482328313318959,1,0
39,15.263495397682354,47,17,2711,0.22504187617087212,4,1
40,11.60228740609402,7,12,2409,0.5287244190984357,2,0
41,6.830573522671682,49,1,4230,0.8259177073160304,2,0
42,12.427653651669052,22,8,2546,0.46311471383751146,4,0
43,5.515827816728276,28,1,3662,0.278457546373573,3,0
44,18.63980603118173,17,8,1640,0.6547090753562991,2,0
45,8.881699724000253,30,0,766,0.823767395799123,2,0
46,14.93783426530973,29,10,2345,0.06314029292739132,1,1
47,9.675666141341164,38,2,2208,0.7767904834072271,3,0
48,12.801020317667163,34,19,4130,0.8216479329617712,1,0
49,13.200654190149194,17,3,3711,0.4615229275886068,1,1
50,7.7728168328829055,41,17,2793,0.9833056568184674,3,0
51,19.54376941646838,38,5,4232,0.7867083407073091,3,0
52,16.626992350416717,16,2,4329,0.7736625648956658,4,0
53,19.09248412346284,13,10,2010,0.7478385744120718,3,0
54,18.422410256414732,30,14,975,0.150608103218274,2,0
55,13.968499682166277,23,4,1476,0.2172308864530108,3,0
56,18.82811352534675,34,19,1707,0.463990131464425,4,0
57,6.327387530778792,43,9,2460,0.26400434995946587,4,0
58,7.939742936287178,44,11,1057,0.41524097233404045,4,0
59,5.678409333658071,33,14,1382,0.8884641099229207,3,0
60,9.879954961448966,2,16,2694,0.8243268918792692,3,0
61,10.830159345342231,36,9,3167,0.6300398784799822,1,0
62,9.070235476608438,42,5,2110,0.8581203942511035,1,0
63,17.43106263727894,39,17,3988,0.7837723890172492,2,0
64,10.35129990040384,25,12,2954,0.4289849318408905,1,1
65,9.214017645310712,22,2,4994,0.20106515204994513,2,0
66,13.140441247373728,43,9,2446,0.5142010400093392,4,0
67,7.11386337462144,38,13,3308,0.7362288825285501,1,0
68,17.032954711310595,14,5,4325,0.436419598729593,3,0
69,6.118259655196562,48,2,4036,0.6667719097838972,1,0
70,19.80330404900776,3,15,4302,0.09432742629104363,2,0
71,16.58367153944986,28,6,4677,0.7480047363714034,1,0
72,7.980735223012586,21,19,2470,0.812713619893062,4,0
73,5.082831756854036,24,13,4322,0.7068378557805411,3,0
74,17.231921426822513,12,8,3319,0.9672635875263655,2,0
75,15.602860157714257,17,14,1402,0.8266520574606404,3,0
76,15.93510752061481,32,2,864,0.9030937278765383,3,0
77,16.569055200289185,15,1,4758,0.933571083457648,2,0
78,6.110669776011355,44,1,3619,0.8013479918738086,3,0
79,10.376985928164089,41,2,3058,0.6742588420064991,3,0
80,6.738035892876946,43,17,2363,0.005718581360789288,1,0
81,17.946551388133905,1,13,615,0.4658257532231247,3,0
82,14.349471902413368,34,19,2884,0.571162298622361,3,0
83,9.963470372789738,41,17,4435,0.3040302724479996,3,0
84,5.953375254290354,33,9,2990,0.31810444690347206,3,0
85,9.664734825734932,29,1,1442,0.9611594157101652,2,0
86,9.877749830401205,12,0,2224,0.8917108652027459,4,1
87,15.94409267507096,12,3,2834,0.8491790055017042,1,0
88,14.563362070328196,17,13,3267,0.4060118017061106,3,0
89,18.308191138644897,31,0,1637,0.013698550408914545,3,0
90,12.08322387742924,31,13,3027,0.08022224645571407,2,0
91,6.793913689074525,34,15,4617,0.31219636821760366,4,1
92,15.698671808344924,38,13,3920,0.015742912995676983,3,0
93,16.411775729253463,45,19,4406,0.017149781915198115,2,0
94,13.419157963542444,28,2,4137,0.916603301642411,1,0
95,16.564507699318415,48,2,3453,0.7061585021190541,1,0
96,12.40693394546586,28,8,2867,0.30895599006815266,3,0
97,12.840992440729911,43,5,4721,0.13264457760095316,3,0
98,11.413115275378244,15,12,776,0.5116357178950771,4,0
99,5.3812869011614275,43,1,2499,0.005346160854364457,4,0
100,6.618371404899567,46,7,1727,0.938413743858144,3,0
101,5.471437785301013,9,1,4252,0.4148151193889472,2,1
102,14.546156168956706,29,3,4235,0.40233495523733276,4,0
103,9.7153397161449,24,14,1195,0.3905936075817822,3,0
104,12.628560367470541,38,3,1809,0.06932833038776476,4,0
105,18.613497108891394,19,12,4652,0.6383222397918266,3,0
106,8.739383437233124,4,11,3734,0.7330036196283534,1,0
107,11.155743845534445,0,12,4614,0.6761253975882903,3,0
108,16.33326707814573,29,13,2811,0.1384354933293943,1,0
109,8.431972482374338,48,19,3341,0.5788401680355926,4,1
110,6.1546986474318945,2,17,4708,0.5694844841722538,3,0
111,9.34627179370652,44,5,4059,0.868410787941382,4,0
112,7.418319308810066,13,10,3898,0.379127658375647,1,0
113,18.945464785138597,29,1,1041,0.3714859436594342,3,0
114,17.121805693466253,49,18,3194,0.6185270587181856,4,0
115,14.501056347656352,3,18,1588,0.633072653499513,1,0
116,18.071908852815767,17,4,3863,0.46928522732579037,4,0
117,17.055081153486718,36,18,524,0.4430593623304211,2,1
118,7.798550883290538,24,1,2072,0.4941476706378827,1,0
119,18.388384977349666,47,9,3458,0.8610452995033119,1,0
120,13.09013362873476,0,1,4736,0.46116690125391,1,0
121,17.111602327460936,45,10,2267,0.9399317919698225,3,0
122,18.4413694988524,14,17,2735,0.504003763596326,3,0
123,9.770052124577958,8,14,700,0.9492006931808914,3,0
124,6.650778867915151,14,8,3698,0.8328319018690757,2,0
125,8.419027438129126,48,18,756,0.3624313226158291,2,0
126,11.406616829393844,23,8,4247,0.863641421296616,1,0
127,17.270221488837397,3,2,2741,0.11006328420111522,2,0
128,17.910958748845154,11,8,3675,0.9250471753430145,4,0
129,5.104281957967861,36,13,4106,0.6316435150828916,1,0
130,12.661209538663485,36,18,3836,0.05439074852231118,1,0
131,11.261165047231685,42,6,913,0.6442567236508115,4,0
132,8.331617157060954,5,15,2514,0.9742476541447561,1,0
133,6.797980510005242,38,15,1881,0.06980065461462892,2,0
134,10.06422757105442,45,0,1598,0.5546877097800863,3,0
135,19.143645558687787,23,3,3926,0.7477943497593724,4,0
136,9.848043980311328,10,3,4155,0.8102585866995313,2,0
137,12.781859326150492,12,6,1409,0.41382746532079584,4,0
138,15.545284383427667,33,7,687,0.204166559168243,4,0
139,10.45444403568941,24,16,4544,0.042342278772383835,1,0
140,19.57673124081441,6,4,4256,0.5797261570972247,1,0
141,19.43670942413167,3,6,2515,0.4529110702676108,2,0
142,8.776734437380462,7,19,2592,0.948744395149711,4,0
143,12.45872758838578,19,19,4144,0.060604907714909784,1,0
144,9.513174647251546,28,3,2630,0.6853953434460057,1,0
145,9.272607415662014,44,5,857,0.02496622212005717,4,1
146,5.553304210317992,45,6,2922,0.17143417671054273,2,0
147,14.143465009698453,9,17,4757,0.4535789999228341,2,0
148,12.540185348432923,42,4,1997,0.4548724428028682,4,0
149,5.77218126874984,33,19,2658,0.6857005429336439,2,0
150,9.179696963549173,25,2,3055,0.9102130348677566,1,0
151,18.623988289499806,40,6,2842,0.6390321589149208,4,0
152,8.593428360004587,48,13,3451,0.9535350978515088,1,0
153,7.173423081368346,2,6,1738,0.8816156398779976,3,0
154,12.341791404163445,5,4,1473,0.5844997955307902,3,0
155,19.78475681165901,4,4,4465,0.8337919509188273,2,0
156,8.630829072672507,4,1,1550,0.642577610323634,3,0
157,15.082033211088179,46,5,4201,0.07855783092372715,1,0
158,16.424294229930766,22,14,3280,0.74056472325951,3,0
159,8.564563159885996,48,9,2088,0.09490844126734621,1,1
160,15.923245229177894,8,6,4378,0.5940827805697124,2,1
161,10.516746990788798,34,4,2868,0.7026402058582288,2,0
162,14.484587458903691,19,0,936,0.06652760821085524,1,0
163,14.50294566141342,48,12,3328,0.23079465392653176,3,1
164,13.036620261121378,41,17,2056,0.9156722322616498,2,0
165,6.354346550816125,34,12,4358,0.6163144922328964,4,0
166,17.52953743383857,49,17,1804,0.24628601881053158,2,1
167,9.811700974576038,17,4,2884,0.6906797711480066,3,0
168,7.797777655997813,16,12,682,0.5967764199616896,4,0
169,5.611627123321458,23,3,2089,0.5015756999179484,3,0
170,13.863394147823627,2,16,2087,0.9761869749880837,1,0
171,15.163465427634236,31,2,1159,0.6834537774075089,4,0
172,5.248817433917842,34,16,659,0.37544110966791266,3,0
173,12.681395874489215,37,10,4453,0.800073432076868,4,0
174,8.39743662796907,12,19,1511,0.8845832929211878,3,0
175,14.677591856141747,46,3,552,0.12522055951683142,4,0
176,7.6154964350748715,24,1,2807,0.2005529778452665,3,0
177,15.364066071536989,8,19,1728,0.2162270091277797,1,0
178,10.801030194508062,3,15,1535,0.6912118093865404,4,1
179,19.050949831051017,13,17,4202,0.6030395550532833,4,0
180,7.062814162189898,36,7,4545,0.6189915646985882,4,0
181,10.115995265753877,33,2,4949,0.940773299689501,4,0
182,6.702102818608836,10,8,1764,0.775911532807306,1,0
183,18.87040427417844,40,19,2384,0.12793692451178318,4,0
184,18.160090300714714,2,5,2309,0.347507082425181,2,0
185,8.869124415727335,27,9,3667,0.4353936461757356,1,0
186,14.899760690512686,28,9,4297,0.3959615887476049,2,0
187,17.258333003018237,8,12,2841,0.6693086091618792,4,0
188,13.328012173991935,2,16,3914,0.8918931032565626,3,0
189,12.944758675340097,24,8,1317,0.306051463522788,2,0
190,8.627784363506775,33,16,2937,0.5518771364211856,4,0
191,6.3965415170884885,11,8,1388,0.7894094219135857,2,0
192,18.458236369299904,41,8,1167,0.41621805884534935,4,0
193,18.506270857449955,8,0,3124,0.16811812839929585,4,1
194,14.496521859099019,14,1,4732,0.47495096526374825,4,0
195,10.08544686573051,39,15,1318,0.05522252074302847,3,0
196,10.238143619189913,24,0,2688,0.9423834540022769,2,0
197,15.889335183053591,4,9,1606,0.07482120519497304,1,0
198,18.456653899288657,10,17,2724,0.43845671525057817,1,0
199,18.30629636397676,33,7,697,0.5298812610885262,1,0
200,16.698133187864357,23,10,3171,0.9853038322872855,1,0
201,14.630474692314316,14,1,3992,0.16602182364286078,4,0
202,6.262099474925733,37,7,2948,0.11443151861235856,2,0
203,7.424430711419206,7,7,970,0.008706147062543579,2,0
204,18.478312827906187,4,16,2448,0.1555714368693023,3,0
205,14.09643589489385,47,14,4399,0.20727297906766762,2,0
206,5.137955774249445,25,16,2510,0.6305809415830923,2,0
207,6.5220731429904815,17,12,4300,0.2197067903914004,2,0
208,14.952526536620837,5,18,4618,0.02052081472932521,3,0
209,5.07592375769328,36,4,4296,0.8266183455024887,1,0
210,7.4121207712624795,47,11,4488,0.36559570100396677,2,1
211,13.231006840498791,12,0,734,0.35369668658073394,3,0
212,15.378427965390399,27,4,1428,0.30247902916792657,3,0
213,14.779418892539008,4,7,4107,0.9753732771464209,4,0
214,8.364039641908397,12,12,1022,0.17011541730928148,3,0
215,15.682688320213037,16,7,4023,0.8982380639532351,1,0
216,8.558736312452002,49,10,2129,0.776803332139888,2,0
217,9.880995472389015,39,0,1816,0.07647995549931308,3,0
218,16.197371076770363,44,12,3357,0.9867291015008487,1,0
219,14.74449348570822,31,18,1624,0.27136596353901055,3,0
220,17.73835115741267,28,2,3087,0.09858292702241234,3,0
221,14.86419338450515,2,16,1523,0.8293142341257594,3,0
222,13.524629050032074,39,4,1878,0.7066755336776999,3,0
223,6.405121517421387,33,19,3874,0.6172188058779008,3,0
224,10.515737045891502,39,7,2019,0.15598086369893316,1,0
225,8.978035515225882,26,13,726,0.4784961162559619,2,0
226,8.659844650686253,12,3,1391,0.7805560268872138,2,0
227,19.595158321286682,44,10,4572,0.30362393814384026,2,0
228,10.896465870001407,32,19,2757,0.31168982851504146,2,0
229,18.3806983276567,5,14,3288,0.0031409060481221163,1,1
230,14.467079389958943,23,18,896,0.17424340164537955,4,0
231,16.922169553124725,18,6,2578,0.8754056251218343,4,0
232,12.539556396577883,15,18,4924,0.4417464916377071,1,0
233,13.653558269395386,39,18,3737,0.984234499234434,1,0
234,12.38776540728296,27,10,4393,0.39570796357379256,3,1
235,7.928644816970667,32,4,2505,0.7151864547802412,3,0
236,15.83678172892258,47,4,2516,0.28191904290472913,3,0
237,9.211585436612836,40,7,3671,0.3638096411409335,2,0
238,5.364739496471808,12,9,3168,0.19072598759089465,3,0
239,14.682084438607518,42,5,2378,0.347062368499395,4,1
240,7.656660191105734,44,14,1696,0.5472375204206431,2,0
241,19.106878765293715,24,15,2272,0.9917728809792494,3,1
242,19.308928655038812,41,16,661,0.6642017130717857,2,0
243,18.72296585330673,35,7,4476,0.19924595440831405,4,0
244,10.552380503831666,26,7,2251,0.04496144159155113,3,0
245,5.231849247933011,37,8,1275,0.1263564813145106,4,0
246,18.92477843881588,6,1,1439,0.5625552012730474,4,0
247,11.422762224759715,4,14,3720,0.7651603288167663,4,0
248,19.499822285655043,42,17,1039,0.9404192073007469,3,0
249,19.45429965633879,44,2,1961,0.015823171996820817,1,0
250,17.7951418320104,30,16,855,0.5227601415618698,3,0
251,9.416733381043786,22,3,4104,0.47086735622317677,4,0
252,10.776465929028879,41,3,3823,0.656055021975704,3,0
253,17.767050072752852,9,13,734,0.559578854465342,4,0
254,9.753830077344166,31,8,2048,0.6870391505824806,1,0
255,7.542391200291387,42,8,2596,0.6580825847491903,2,0
256,13.352018936875252,29,17,4713,0.1170117248579462,1,0
257,19.042321612411715,38,9,2601,0.7997179136187196,1,0
258,15.440446950124596,30,3,2173,0.12323257571632484,2,0
259,13.550917551340474,17,11,2600,0.6985306252091371,3,0
260,6.457647406561528,35,7,4157,0.4161453676406067,2,0
261,14.225108400487546,1,1,4096,0.5138507345765979,3,1
262,19.85080775156395,13,12,4248,0.9032980143757106,3,0
263,7.1012602285478605,12,15,3673,0.8898837264734866,4,0
264,12.77494478545605,28,1,2315,0.8178563056550295,4,0
265,18.160596078919333,11,10,4341,0.5101483804563233,2,0
266,16.111529266313067,38,9,2505,0.7362398101338331,1,0
267,15.45523611492902,1,14,4993,0.5128970555188094,2,0
268,15.53726125980664,31,16,1174,0.8696060824747774,3,0
269,10.392367268296328,12,7,886,0.4027758332328999,4,1
270,9.4038776639674,45,17,2658,0.9702353444148768,2,0
271,17.140417332177705,26,8,3161,0.9323227582288776,2,0
272,17.15170092018771,48,7,2564,0.7416026194517855,4,0
273,18.006084778701556,40,13,4351,0.279415884176072,4,0
274,18.698608288347067,16,17,3753,0.1316535887932584,4,1
275,12.670135982914067,39,19,4766,0.8547034500931975,3,0
276,12.522744420307994,30,19,1239,0.16530228613796127,4,0
277,16.974427684501627,33,11,1901,0.8542607889973357,1,0
278,14.749458961666477,23,18,3759,0.49076500671236045,2,0
279,15.52950315886555,44,13,2777,0.4065567838081042,4,1
280,16.936890041541517,34,16,4404,0.9031907788344291,4,0
281,18.350080127263496,47,2,4423,0.6038509825402779,3,0
282,10.069927352773037,5,6,4714,0.5766140071297178,3,1
283,10.63374428959916,18,16,3727,0.5587659446243977,2,1
284,6.4097290976130346,29,11,3331,0.3711695160195314,1,0
285,13.67420211494261,6,8,4258,0.7856431035291273,2,0
286,5.539134106951131,9,14,3012,0.252798444015773,4,0
287,11.983970271986902,40,17,2651,0.938894960041275,1,0
288,13.13966952061365,31,12,4175,0.8939852050469608,1,0
289,9.298118781924266,33,7,3245,0.33748032567489816,1,0
290,13.862498908535162,27,13,4366,0.7294637698316637,1,0
291,5.457503749085742,14,7,4264,0.5732231944495915,2,0
292,5.5602228312382165,29,13,2722,0.3376493019992346,3,0
293,17.339008409894873,36,6,3292,0.9885216479954467,3,0
294,10.402859621168943,28,11,2197,0.025237345848264203,4,0
295,6.905907689778272,21,10,3962,0.25264603062128665,3,0
296,12.833648900822066,3,10,4563,0.5200740611111504,3,0
297,16.54990329647916,19,12,2024,0.5219530034785639,3,0
298,8.237315412452649,31,17,532,0.5889330749455641,3,0
299,14.343357137285004,35,1,4525,0.7516761720229193,4,0
300,6.2802119749065195,49,14,3066,0.6234778305192964,2,0
301,5.775225817529115,3,19,3303,0.600281460528037,1,0
302,12.97031947352222,26,17,4396,0.05351446291304329,3,0
303,13.109526824151597,16,14,4209,0.3765302877892983,2,0
304,14.561448522473098,11,18,1219,0.232055739701156,3,0
305,15.891370005839923,21,11,1472,0.26537011160197543,3,0
306,19.637781191938018,16,12,4218,0.5543374743403449,1,1
307,12.74450522451793,9,10,4902,0.19950531492960843,1,0
308,9.844347094118689,0,4,2707,0.29394910101689753,1,0
309,16.927792921530553,21,0,4926,0.2370847085173401,3,1
310,9.062483768931113,25,2,4820,0.9485029432181947,3,0
311,11.584571310584542,17,18,3530,0.9446657321710952,3,0
312,6.17684572013399,49,6,4075,0.6099415585960517,1,0
313,5.3802611512318625,13,11,3616,0.9245224687318999,4,1
314,19.439726220168875,46,14,3785,0.7858126454683731,2,0
315,17.539701807683088,28,4,1143,0.5899478828018088,4,0
316,15.43961309140547,11,14,694,0.006435211496795712,3,0
317,11.134294166214048,35,7,4496,0.772516286079404,3,0
318,7.599414801062687,34,9,988,0.7024883415884688,4,0
319,7.34655564006629,11,15,2704,0.615253653282414,3,0
320,8.75364347246893,6,7,3157,0.7604243116824717,2,0
321,13.238399970591807,28,0,3776,0.5129221647747657,3,0
322,15.718938840500934,10,11,1602,0.7040832713213391,2,0
323,14.90296065076597,32,4,1741,0.9351720867264933,4,0
324,9.199008454189142,5,2,1015,0.3758050158460863,4,0
325,19.32297920994791,46,0,892,0.7081218349006254,3,0
326,16.068453750436525,14,3,1130,0.4756878180109587,2,0
327,13.31531078767101,31,7,4216,0.6743996518139815,3,0
328,14.175811193515283,10,2,2347,0.7628933355543641,1,0
329,11.294000936416849,22,9,3155,0.04545250043579596,1,0
330,8.715964842517362,25,1,1479,0.6466004439486619,1,0
331,10.339590179768923,33,10,3902,0.22674118440694457,1,0
332,16.367691656965537,45,9,4371,0.6700325378075668,3,0
333,5.2159023294463385,33,13,777,0.4683301859338135,1,0
334,6.741089607603744,28,6,732,0.7735527418648872,2,1
335,5.690039630326291,3,1,2052,0.12340081520559643,4,1
336,5.610932034784552,16,8,3770,0.6263223516561951,4,0
337,17.831908760165106,34,15,2909,0.2784707289275523,1,0
338,15.554867890700356,12,12,4012,0.8529819953305915,1,0
339,12.112607436309878,40,8,525,0.9283835056363074,1,0
340,6.467512409765022,38,19,960,0.9963982936790554,3,0
341,12.374238126752484,14,3,4264,0.7960074024272833,4,1
342,12.102076561708486,28,9,3931,0.7537340704280046,1,0
343,7.598028048650228,28,11,3983,0.21550075886755105,2,1
344,11.507774738569594,10,16,2494,0.33600705899010874,1,0
345,10.977571015960603,31,13,990,0.4656825417622795,4,0
346,14.237751470783246,1,13,1572,0.7733810477822497,1,0
347,14.526404763014657,46,1,3673,0.9149658650779686,4,0
348,5.679560146580668,13,19,715,0.18913910002298462,1,0
349,10.619189219397068,19,10,2223,0.9223674846701029,2,0
350,14.387898735713545,21,15,2092,0.695624652354058,1,0
351,12.547043878701317,10,18,3106,0.6107707306850386,2,0
352,17.847347617824834,26,5,658,0.19984127128193951,2,0
353,14.880404474284175,2,18,3813,0.055525032809150554,1,0
354,7.444016406221445,16,4,3341,0.5684648985079399,2,0
355,6.058531211006448,43,3,2276,0.6515156833288924,3,0
356,14.636289173094735,27,14,2552,0.21078144935468823,1,1
357,5.397669658124327,28,3,2795,0.5564562058254564,1,0
358,13.78663371910195,20,19,2196,0.8564934027625736,2,0
359,19.103453621374364,46,9,3493,0.83506594545502,2,0
360,13.632112668138184,15,2,2969,0.9273551805862972,1,0
361,10.822548893097828,36,4,2446,0.36588580955688044,3,0
362,14.649323276635297,19,5,4309,0.3180495725509187,2,0
363,11.87379335737275,5,7,3283,0.7494260059808087,2,0
364,13.184251839739025,18,6,4144,0.431112405097005,4,0
365,19.12197213164788,4,9,3000,0.08754866402778061,3,0
366,10.791539567011615,2,5,4145,0.2828011306704997,3,1
367,19.41785845735871,0,13,3145,0.41858228553148913,1,1
368,18.580259629340958,37,3,2849,0.292516425476252,3,0
369,7.936867021839447,14,12,2432,0.3322055709473216,1,0
370,6.040419513127482,33,19,3794,0.29377590617439076,4,0
371,6.5116700206614,34,16,2257,0.041499167183079444,3,0
372,5.273327384773246,48,6,1616,0.6370947008244425,2,0
373,6.416644411338925,24,3,3067,0.5972924203534693,4,0
374,15.245101601245352,23,13,3999,0.6533834984786806,1,1
375,6.067829726903435,11,2,992,0.19230989603362747,4,1
376,9.784634454406419,17,4,3806,0.2956545416124853,1,0
377,17.67312966454182,14,15,1119,0.6196159269449223,4,0
378,5.349079036037388,43,19,3732,0.5996275684599214,1,0
379,17.217027238834035,15,3,4323,0.5063303093542678,3,0
380,9.227821621600999,26,1,2880,0.3504132500101974,2,0
381,6.772472414324843,7,17,2046,0.9129310047746899,1,0
382,15.451057480462259,45,18,4063,0.3397702422988438,4,1
383,14.43414270169826,24,18,2105,0.4556191564372516,1,0
384,18.162080202905795,16,16,4252,0.6781138309542087,1,0
385,16.026065657058286,28,13,2390,0.5430214308667641,1,0
386,17.05221395577273,7,18,1775,0.34688597636438556,4,0
387,9.230518588569598,14,12,3243,0.43564479045650983,2,0
388,7.661593156695842,26,11,2993,0.7944808178535061,3,0
389,16.259221274612877,45,5,856,0.27812915548661243,2,0
390,17.10252108900896,49,3,1369,0.14225523977681542,1,0
391,19.8575771300101,6,18,1385,0.3131632018297771,4,0
392,11.189265153671396,2,15,2501,0.8495342154879013,2,1
393,10.580271286891747,28,12,1783,0.08898971485634666,1,0
394,16.646194411129954,43,3,1119,0.9916960733724518,3,0
395,10.112053103795269,23,16,1382,0.5410028989276625,3,0
396,18.961359884053472,2,0,1296,0.984845743967094,3,0
397,17.876191277645177,19,17,4142,0.9389964220859776,1,0
398,11.434910410625275,45,19,3925,0.45281371421091676,4,1
399,16.26306601687246,14,16,1796,0.1984910746053491,2,1
400,16.318143111270235,24,14,744,0.16488477656513845,3,0
401,6.546858032538989,29,10,3395,0.2399893638699575,1,0
402,18.538293600193498,13,12,1429,0.7101326405645373,1,0
403,12.578785586717856,6,0,1019,0.27294999473148784,2,0
404,17.396861991616124,16,16,3712,0.3414252696042983,3,0
405,9.800744015459177,43,5,2909,0.4487788039946148,1,0
406,18.432848427443005,19,3,507,0.9132326804214563,2,0
407,10.838025181012448,35,19,3025,0.1893934178848461,4,0
408,5.162564772204475,8,15,3923,0.005026552609803114,4,0
409,18.580729646288955,37,14,2519,0.06009641037817015,4,1
410,6.369300151792004,47,14,4782,0.9047663416801179,3,0
411,9.789704563856223,21,5,4167,0.6475164648433631,2,0
412,19.250929505762073,1,14,4171,0.27304061932780677,2,0
413,19.25910720406334,23,13,3301,0.1771925010111911,1,0
414,13.601568321849292,7,10,585,0.29426673663711433,1,0
415,14.47755818254699,10,6,3615,0.1147969272512801,1,0
416,11.726682829674797,12,8,4732,0.9415329102844411,2,1
417,9.398161575470969,16,15,2968,0.7842061743652669,1,0
418,9.92996818054874,7,4,4119,0.4623911769125407,2,0
419,15.087776841155577,20,19,2136,0.864962605115202,2,0
420,16.2856179415652,17,9,4083,0.2494582042932323,4,0
421,16.873685655887726,29,17,4509,0.7171205684721935,1,0
422,16.84427214191831,17,2,3826,0.8561324990137434,4,1
423,6.368091545730356,45,12,2718,0.3567687116232726,3,0
424,12.416304570538722,46,10,2717,0.7574644454507177,3,0
425,5.863381400249664,30,16,2869,0.29507234926430936,3,0
426,13.242933234856032,37,12,4138,0.2988571352590308,2,0
427,11.622957520600655,31,5,3003,0.10705717855418606,2,1
428,18.315562741374496,10,16,1443,0.4400580465093987,2,1
429,10.26372518828118,44,12,3337,0.7297119064974222,1,0
430,6.756005246414087,24,18,3160,0.940220805571285,4,0
431,7.144875230792538,32,18,3436,0.6037969919290961,2,0
432,16.42265947576208,37,9,4944,0.863135537735739,4,0
433,14.273270949743916,40,2,4447,0.8224946492902271,4,1
434,6.516840141841854,7,13,2176,0.17334305297528085,4,0
435,6.261602091724962,10,18,1696,0.48581742891263147,1,0
436,15.5145369718868,21,4,4605,0.11692353552539148,1,0
437,6.091445095462903,23,4,3287,0.682153161561635,3,0
438,17.32790088935534,40,19,1961,0.949899668246076,3,0
439,15.593633407347443,16,16,3818,0.1370894580787565,4,0
440,6.2202317096284965,11,9,1166,0.7338831308025413,3,0
441,6.2725657112778785,45,4,2676,0.632238150867861,4,0
442,19.79959367751763,31,3,4243,0.5836050370080997,1,0
443,10.614061936341805,14,5,1100,0.39012023468833923,1,0
444,10.559632206003364,15,3,3152,0.35513164775381256,1,0
445,17.191993508862538,21,6,4922,0.04524918901888786,2,0
446,19.20872866075788,27,6,4324,0.21790870825201347,4,0
447,19.790015957343066,19,17,4406,0.015176882286826898,1,1
448,16.300672778884124,32,2,1479,0.5814171055820205,4,0
449,10.643893782963737,9,0,2951,0.10585323587790885,3,0
450,6.252510750480031,39,3,1128,0.8730193940297161,3,0
451,16.65720373891155,31,5,2129,0.5231430206971652,1,0
452,13.376063746037076,49,8,4196,0.6996899090587084,4,0
453,11.363330138704644,32,13,3930,0.41085709184049646,1,0
454,18.59531577642104,1,11,4174,0.5605798090010486,3,0
455,6.66796223459227,32,19,4429,0.9426591769666305,1,0
456,12.389376564362887,32,3,3265,0.08273403962367076,4,0
457,5.170304671511286,40,11,4869,0.25393777192369615,3,0
458,12.029909629911895,12,9,615,0.7799883269105443,2,0
459,5.8445491352275605,29,6,2503,0.09873720688266585,3,0
460,6.782268744021079,32,2,1192,0.07566110390411085,2,0
461,6.762893701656573,12,13,3662,0.36154139875403857,1,0
462,14.738154531740953,25,9,1605,0.09216795847243231,1,0
463,16.19067318898135,21,15,3508,0.5850784422062031,4,1
464,13.750531476457395,38,15,2661,0.22627525081659983,2,0
465,19.43258822711813,1,9,653,0.8956979631993723,1,0
466,10.623058692855562,37,12,4199,0.7835000808452567,2,0
467,9.28568129422791,38,5,4910,0.6997052060994762,1,0
468,18.028986922841902,25,11,4286,0.6169440273845019,3,0
469,8.35393757779179,45,8,1564,0.8634657303414633,1,0
470,19.44833809160917,49,12,4700,0.22306206154275687,4,0
471,5.182317120347245,14,3,2413,0.8731088427642276,3,1
472,19.548182400614586,33,10,1716,0.7894922984240523,4,0
473,5.647398679258641,41,19,2901,0.7481608263876856,3,0
474,18.367146705471065,43,17,2272,0.561255678074924,2,0
475,12.915516636294498,48,10,2460,0.2462441609706001,4,0
476,19.894471941789504,39,3,3280,0.42354791599189634,1,0
477,6.106948471030983,10,17,3371,0.7935706545388016,2,0
478,13.307814266019811,2,0,1160,0.031778484357324444,1,0
479,19.539538034286487,5,6,3135,0.7820507692637583,3,1
480,12.846467662552232,8,5,2829,0.2400707404875665,3,0
481,14.440979572028938,5,14,4454,0.14430920072160303,1,0
482,15.436230334769258,8,17,2950,0.11570131818030216,1,1
483,11.818115971516598,38,10,1632,0.027250011950815112,2,0
484,14.41337120126095,30,19,1199,0.5235864852214529,1,0
485,13.764714678846504,31,14,2538,0.21825987269372948,4,1
486,18.517370157364837,40,15,2679,0.9894317657796315,4,0
487,5.681695705121868,49,6,3338,0.5744367558722058,1,1
488,9.214447843883455,11,9,1373,0.13788526935601042,4,0
489,19.25617226114838,7,11,583,0.6887625408113653,1,0
490,18.353956758363744,7,13,1922,0.8977435665097253,2,1
491,11.834851291785693,49,4,3175,0.7451794953696144,4,0
492,14.301988967023052,27,17,3680,0.07643986103944767,4,0
493,9.16071774471699,19,4,4816,0.8958841811926596,1,0
494,7.82181739585642,46,2,4475,0.7939293858599648,4,1
495,11.955476074099732,6,4,1891,0.15830390010561435,3,0
496,10.300283420390793,10,16,3718,0.051785888732816865,2,0
497,13.754841677763082,19,18,4707,0.5573105753143085,2,0
498,6.166019554474772,15,18,1114,0.1560358113399769,4,0
499,19.615922114992497,3,11,3471,0.834590952595272,4,0
500,19.793161167194043,5,8,4065,0.35833465667167375,3,0
501,15.472425710296177,21,0,4076,0.9128924447365754,3,0
502,13.041445495161806,25,17,770,0.5656881721410058,4,0
503,9.642914244294916,2,3,4566,0.18267238423966814,4,0
504,17.20692529560423,40,9,2968,0.1395988673598001,3,0
505,15.270967588308189,41,6,1890,0.5764724375577539,1,0
506,7.439254090173369,13,0,3854,0.7618836118624439,3,1
507,18.663907767407636,10,16,4635,0.7815056477421821,1,0
508,17.338058643847535,17,1,4107,0.2757574044412813,2,0
509,19.24699869937886,11,10,3083,0.20424675891216748,2,0
510,15.885792625825399,22,8,4573,0.016756304492382412,3,0
511,14.201227939036848,11,6,3575,0.6791991512011694,1,0
512,11.273645544359283,12,16,4406,0.07656825843353898,3,0
513,18.9909272503102,24,16,789,0.4207612017659258,3,0
514,17.990958342506126,44,1,2980,0.6016821640182961,1,1
515,5.678280051592841,18,5,3752,0.937108944919677,3,0
516,5.39550461745878,45,13,778,0.31180213695576864,2,0
517,10.646950503170743,35,5,3424,0.24977216244651979,4,0
518,17.158299961727494,44,1,1080,0.6541601542860984,4,1
519,19.809141939724167,7,0,753,0.6192390320535817,3,0
520,7.256253366552922,28,9,4776,0.3321097833081246,1,0
521,13.911960730282027,31,4,1324,0.9281018355097865,1,0
522,10.713362849465323,43,1,4332,0.8448623274896327,2,0
523,19.548715967219046,17,15,1199,0.22398254586508115,1,0
524,17.631783847035628,5,1,1880,0.23914254543452318,1,0
525,17.574930570667068,17,9,4396,0.5123003468870806,2,1
526,12.030397396924554,18,1,2173,0.7735721017307203,3,1
527,11.222292535064977,21,15,3227,0.04404037938846439,4,0
528,9.101106078960594,36,15,3656,0.6933351537347067,2,1
529,5.845632449763906,31,18,3888,0.648235897382097,3,0
530,17.9708356438258,40,6,4807,0.23148009591298824,2,0
531,17.193515136951163,2,11,883,0.6813530132413488,3,0
532,19.995765099291958,27,14,841,0.9401831912520826,2,0
533,19.94955255610858,9,7,2487,0.04678584497176852,3,0
534,13.331475584039412,34,5,4559,0.31965205529206253,2,0
535,16.534811227707657,28,9,3609,0.43817671666635527,3,0
536,19.17148594823642,14,2,4582,0.8992603589246896,2,0
537,17.74471086016117,32,18,3298,0.9622614466091567,4,0
538,8.710221526147965,6,16,3740,0.44411524649633227,4,0
539,11.758162029651402,11,6,2488,0.7500284121421912,1,0
540,6.937391227272425,48,19,3914,0.531661023764483,3,0
541,19.310765408880833,29,3,2349,0.5377829347413765,2,1
542,14.0926195167632,20,13,805,0.27809951506635644,3,0
543,8.42964208255194,30,19,4113,0.21695624586387952,4,0
544,15.075510266087852,23,14,3249,0.28800534592404115,3,1
545,14.271923606868437,19,7,1635,0.5563280072570793,2,0
546,10.372440770492608,36,14,705,0.029155186022088997,3,0
547,6.703363882994435,3,19,3950,0.9072489443564058,2,0
548,15.073597933891994,27,13,4311,0.15628370954977622,4,0
549,12.8046155135569,43,8,4122,0.22008867687138656,4,0
550,16.58477587603459,19,7,4099,0.5182761764476463,4,0
551,12.802452516679901,23,16,3051,0.7101147663372793,1,0
552,17.7827225047781,49,1,4808,0.0957290547443973,4,0
553,13.278602581617283,48,2,809,0.3176946975471622,3,0
554,13.414069573030794,31,7,3208,0.9686746055743571,1,0
555,18.149804039875175,40,11,2491,0.2623429667809457,4,0
556,11.052242993185956,35,0,771,0.3130501450631469,3,0
557,7.01022842675961,33,9,4142,0.8364984906180335,3,0
558,5.431740144700084,35,19,4586,0.05021443169045525,3,0
559,16.327058835104285,1,2,2322,0.46461316880897086,2,0
560,14.30464327030197,14,5,3773,0.37961676445167025,1,0
561,15.561196521488354,33,6,4849,0.31658675990865115,3,0
562,8.194462422633661,35,19,1020,0.2856995940447645,2,0
563,7.045572133801547,5,17,1476,0.0913741048604092,4,0
564,5.218169985018229,38,10,4222,0.3148258293516488,3,1
565,10.258813382098955,41,18,4051,0.04305240271566857,2,0
566,13.848765302819496,11,4,4605,0.7809638636444353,3,0
567,10.883660676495985,2,18,3273,0.39822779395801167,1,1
568,11.562123830355937,44,10,3052,0.4439038323199116,1,0
569,18.562380417406224,17,11,3332,0.8935945864501316,4,0
570,10.223832005349506,39,9,4407,0.6580549838612207,3,0
571,12.709842337397163,20,7,652,0.008059103342119789,2,0
572,16.754795191117147,14,8,3464,0.943174822961285,4,0
573,10.948141734819053,32,3,3416,0.23714446597771122,3,0
574,14.331300503418102,34,4,3300,0.10761418475985884,4,0
575,17.93545563120118,25,7,2252,0.7681281783808822,2,0
576,19.242809354864633,7,8,3110,0.5004773158667182,4,0
577,7.206102213935569,35,14,4375,0.43377056601801756,4,0
578,18.89881437742242,47,14,1604,0.24950307968274177,4,0
579,12.381744396193072,29,15,3036,0.5474714898623186,3,0
580,8.873665824484375,22,13,4699,0.27438460520258745,2,0
581,11.88703634357392,41,7,4354,0.9015830052870676,1,1
582,19.700488629282155,43,17,3994,0.2152044797331928,3,0
583,12.389271409893045,13,9,2414,0.8843551504557535,1,0
584,9.931274154312623,13,19,3572,0.559405425727357,1,0
585,14.501012814750887,1,5,1506,0.828488133895241,3,0
586,8.602184281672896,36,11,906,0.712845995860955,3,0
587,6.137949921629959,4,1,666,0.6966951114367486,2,0
588,6.933195828659739,37,6,1008,0.3243458076950557,2,0
589,6.920687584366586,44,15,2161,0.23389693147220347,4,0
590,7.278540402684415,40,2,4164,0.21088622768078813,1,0
591,7.082407589741152,46,12,3989,0.8571916570595887,2,0
592,14.613121172048219,13,2,1180,0.82042682025902,4,1
593,7.728201265987172,38,17,3024,0.4405735280123073,2,0
594,10.185009249857949,24,10,2620,0.1324046134964546,3,0
595,18.45182614859018,19,7,4857,0.3822522519774584,2,0
596,12.109424603943086,1,5,1863,0.6193434541369114,1,0
597,15.013366077815407,38,0,1831,0.45440315447995283,2,0
598,7.584798068024448,5,0,2792,0.780189268482995,1,0
599,7.884335282130062,16,7,2038,0.9976228222513854,3,0
600,5.6130292439971825,24,4,3908,0.19113208844889684,1,0
601,7.534025946082468,27,15,1060,0.45965081965957244,2,0
602,9.17885508547938,1,10,1599,0.43098390192082203,4,0
603,7.655157264151202,34,4,2403,0.30449253274895083,3,0
604,6.330538006355834,36,3,674,0.19809551672028958,2,0
605,6.809538066509012,4,5,2656,0.06569211648965922,3,0
606,11.911681520490887,0,13,2730,0.8871193172236984,3,0
607,8.095005776086888,39,18,4787,0.4198486976863176,2,0
608,10.464047915721132,11,8,4660,0.49689551850004887,2,1
609,12.551259062822854,35,11,4420,0.9169420482009158,4,0
610,15.35592242944048,44,10,1997,0.7762904775159478,3,0
611,5.589682097616484,22,13,4354,0.1305012641171842,3,0
612,16.99115598363564,46,15,3671,0.5654199676077424,2,0
613,14.418505842363617,30,0,2067,0.4422522765195591,1,0
614,6.226385479233079,10,12,1651,0.7972110725787628,2,0
615,18.103679361601657,9,12,868,0.7242325476119492,3,1
616,18.813086007977198,2,1,542,0.690405721911072,2,0
617,5.916169397822956,13,3,2407,0.3405448354798969,4,0
618,9.153164722208055,15,5,3990,0.8049637303992545,1,0
619,17.09301919689592,9,4,3035,0.05239129559486122,2,0
620,16.223895355754877,28,2,4673,0.15962490143216723,4,0
621,7.76781529034566,9,0,3373,0.3356232729779117,3,0
622,8.140239850050655,11,3,2324,0.07680744106928128,2,1
623,10.55708154187073,29,19,1793,0.2349942775346916,3,0
624,12.26784477786532,40,1,3886,0.8301509829979181,4,0
625,14.27382157295444,0,4,3472,0.9482515377900793,3,0
626,10.533704593546586,4,2,4422,0.3046023557741905,4,0
627,11.938020741997217,19,8,1492,0.2645158039888382,4,0
628,16.21206407200635,7,19,2886,0.2798926522464269,4,0
629,5.550248043358969,42,5,2740,0.27771908735084383,2,0
630,8.786554165160311,11,17,1976,0.03593018218597299,3,0
631,15.700243788268287,0,5,3907,0.9269163463311081,3,1
632,18.428102565307988,19,18,889,0.2136981415703284,1,1
633,12.67516163173499,27,11,1499,0.42000407408140494,1,0
634,12.981702278979736,42,10,2355,0.00968688274096774,1,0
635,6.607580170096641,36,1,1158,0.8579550909150572,1,0
636,11.71118550235182,46,14,3263,0.7311573444549172,3,0
637,12.989258996825347,36,11,4163,0.9467560351737032,4,0
638,8.637057554520945,11,11,1981,0.7816154791963991,4,0
639,9.038648464240715,36,8,4231,0.31370651205206523,2,0
640,10.65926244656934,48,1,951,0.24787335872842364,4,0
641,5.3010679666658955,48,2,2975,0.697716307553293,3,0
642,9.831187483747675,43,11,3722,0.36411277501049943,3,0
643,8.17172010494817,27,15,2037,0.5662150157526166,3,0
644,9.91246028266872,46,0,3593,0.006257471026470229,2,0
645,6.796431977288768,14,2,1382,0.06188570168047525,1,0
646,18.357909211098423,5,19,4908,0.5353679411816512,4,0
647,13.90388680331073,43,1,4568,0.5660716464481651,3,1
648,15.186534787167345,19,8,3066,0.7514529444593436,3,0
649,16.837568579110076,49,18,3777,0.13196531962396174,1,0
650,12.47663298393586,13,14,874,0.5131830837567788,3,0
651,6.303804321311356,1,17,4197,0.1944476444316886,4,1
652,13.056598127278217,8,10,3562,0.09319611956269469,2,0
653,13.802616770313186,36,15,3750,0.4104957940605546,3,0
654,16.18159211276495,19,16,612,0.16333664808905723,4,1
655,11.47489319344519,25,4,3697,0.2217819781923186,3,0
656,6.913704541933456,28,11,2878,0.31755457986950175,1,1
657,9.256638586980866,0,10,2424,0.25938840074319625,3,1
658,10.446234445979528,34,14,639,0.0875912974059464,3,1
659,14.688758619974019,5,2,1924,0.08991624485970229,2,0
660,13.561674570033679,36,0,3449,0.19324941523416816,1,0
661,10.341450888467694,4,19,3668,0.050559187959538954,1,0
662,19.797728731894694,32,15,1016,0.6264570196769271,2,0
663,14.086622290353308,48,1,3116,0.28732671650890196,3,0
664,8.558401876039916,13,1,1387,0.279745967769071,4,0
665,6.526737089306057,11,2,3604,0.33199829423776517,1,0
666,7.2928870877649805,41,7,549,0.6627962742097216,1,0
667,8.689365925767621,19,14,4451,0.8706338814834905,3,0
668,7.410220598893336,49,6,4060,0.7590869325556384,3,0
669,7.798505360769586,23,5,518,0.727529230225095,1,0
670,9.276427530407705,42,8,1973,0.48439118560084926,3,0
671,7.600603929421323,33,19,4561,0.6938055569674118,4,0
672,18.451481369396376,24,0,3106,0.5527623680335831,1,0
673,6.203506184924633,49,7,951,0.2162505281865289,4,0
674,12.867670843553821,28,2,4265,0.20858836774105072,4,0
675,11.155952404844923,38,3,2938,0.29639200687528344,3,0
676,19.735679253629094,30,14,4810,0.9108026709698133,4,0
677,6.680583532520785,46,5,2049,0.5474148403797259,3,0
678,10.967833985686124,42,14,3974,0.7339053770018694,2,1
679,19.54205649913053,49,2,627,0.3465587598165476,3,0
680,17.982606888409705,22,13,3261,0.40771577066522524,4,0
681,17.256081064239197,43,19,4956,0.12556557863725137,2,0
682,8.868542405674098,37,13,1915,0.17129495782167037,3,0
683,7.563313810850987,19,3,701,0.8273565548261456,4,0
684,15.029648298866466,22,11,2869,0.5848386316888821,1,0
685,18.94063983691379,44,16,1017,0.3375324658838189,1,0
686,13.351443395208946,15,6,1841,0.802851208995546,3,0
687,13.574190342048498,49,8,2488,0.24651990563798298,3,0
688,9.199686404904263,41,2,4045,0.9760326986002038,1,0
689,16.542393997879053,7,12,4302,0.34481760774616976,4,0
690,7.80565622836285,49,14,3775,0.3373109541512276,4,1
691,9.855188546063655,20,17,4154,0.3119119055367052,4,0
692,11.381546579246251,0,18,2934,0.12211151592428793,3,0
693,12.614155680266826,7,0,707,0.11113714733201241,2,0
694,8.636145986226204,28,5,3133,0.6481050345341234,2,0
695,6.722552371088053,31,1,4617,0.875118044558047,2,0
696,14.159300636624488,37,13,653,0.7905205102716735,2,0
697,9.329458298603836,4,5,3866,0.1411075940213511,2,0
698,13.718573321339184,46,13,4814,0.5455821217920664,3,0
699,7.315440729113035,21,3,2018,0.10559154597664,3,0
700,12.217101527822262,46,7,3100,0.045294643613077445,2,0
701,12.988841488273788,33,2,2695,0.6563858593847672,3,1
702,5.777353052336403,0,18,4998,0.5351523336803503,3,0
703,10.049064172908809,25,13,4054,0.08202368521147085,2,0
704,7.016220154084614,42,19,2914,0.034939246405988444,4,0
705,5.950624557091516,9,16,3349,0.9897564134093346,3,0
706,19.84940348584918,29,7,2242,0.030021332149071878,4,1
707,9.835307674620845,49,13,1806,0.44452825305015964,3,0
708,17.148116687819524,17,5,4349,0.5046190246076956,3,0
709,8.819609821456458,16,15,4668,0.11728014780044504,2,0
710,15.22254083335894,25,18,4695,0.16906177843971626,3,0
711,16.403417898345296,7,13,3055,0.3518050064103525,1,0
712,13.934581109117664,46,18,2805,0.7616758762136626,1,0
713,12.073642828252375,39,2,1588,0.5070824240602667,2,0
714,11.177613712209027,48,9,3142,0.6379018745529615,4,1
715,10.23302399814493,11,18,1677,0.9851745550906748,4,0
716,18.94293716371739,26,8,3494,0.7680054353132096,4,0
717,17.459291116815937,7,19,1059,0.4343614981412177,1,0
718,19.47540365999769,24,12,3464,0.44644192179654874,4,0
719,6.864458352283171,45,6,1771,0.618772077041005,4,0
720,15.963012128054665,3,13,2313,0.6653652084189043,2,0
721,19.075106852315567,32,8,3415,0.5007109258366713,4,0
722,7.718495992484902,0,18,1109,0.6448612228149799,1,0
723,5.997444010501662,18,14,2961,0.02353249441409877,1,1
724,16.116809739350884,30,19,4620,0.4296228638968441,1,0
725,13.617096697698678,15,13,783,0.27893807607347676,2,0
726,17.62743165137408,13,5,3428,0.1291744452431104,2,0
727,7.096585649394342,47,3,4896,0.09954651280877513,3,1
728,16.929009677898353,4,7,1591,0.6031921656146675,4,0
729,8.024409800716167,40,16,1316,0.5236005471526117,2,0
730,7.454839142985568,25,8,582,0.2535841169963692,1,0
731,7.463986968964894,27,0,2420,0.4709500587725145,1,1
732,17.21862080347073,1,19,3991,0.4922323151824083,2,1
733,14.977958310443002,49,13,3644,0.1950089804386158,2,0
734,12.84598137153679,5,10,2593,0.6520930618816506,2,0
735,10.382457261852537,8,2,675,0.7809193563860904,3,0
736,18.158008112196626,32,8,3204,0.791463540889519,1,0
737,10.886676611339531,40,13,869,0.6024698307034551,3,0
738,17.248991592073658,24,8,2318,0.5116385825190141,3,0
739,11.587023628553276,47,3,2601,0.06100714300539489,4,1
740,10.654166441373613,12,3,3990,0.28783129885160585,1,0
741,11.940196785044098,8,7,2279,0.0932714467781699,1,0
742,9.52066811246213,12,1,1864,0.9638231608784736,2,0
743,16.214140702643768,30,8,4962,0.1350801462257607,2,0
744,12.540805851387187,40,13,3842,0.15177540985110205,4,0
745,8.48319042720226,10,8,4176,0.8895766183304922,3,0
746,18.493618599118527,3,15,2926,0.9439282834764579,2,0
747,10.758368320598171,33,16,572,0.7658290392349099,2,1
748,13.153292916709828,37,15,3462,0.00540492367266987,1,0
749,18.597081664468206,45,11,1359,0.0013462709565636999,1,0
750,14.363569938709881,3,2,4356,0.3781007697874508,2,0
751,6.753470610625461,37,10,4638,0.14339537001089253,1,0
752,19.097481854202126,18,13,2924,0.018386142151597284,4,0
753,14.415620796071268,5,17,1564,0.4640666894045047,2,0
754,10.023584219856293,33,4,2717,0.9430618974069715,1,0
755,7.089081089950809,17,15,4517,0.3238195749024314,4,0
756,16.91037783905444,12,19,2759,0.6611406784286965,1,0
757,14.301091338927703,40,4,4251,0.6522353531324407,1,0
758,13.001916379644824,22,2,2586,0.25108010366516775,1,0
759,18.408388745764363,18,11,868,0.6504252488238643,2,1
760,16.82895816836796,44,0,3304,0.21233397428689127,3,0
761,7.275123195991267,10,8,650,0.12200741357688905,1,0
762,9.675831016933223,0,8,1634,0.7013832855596901,4,1
763,8.727337097216985,23,3,3284,0.11344081710391674,2,0
764,16.159194388590155,6,2,4664,0.9969092185893553,2,0
765,5.502986521036691,24,16,2846,0.18345240115022932,4,1
766,13.548345273069748,20,1,2750,0.5941418627564575,1,0
767,16.43688028611036,14,0,560,0.4113745714125894,3,1
768,18.151484551426243,0,7,3510,0.1263864224056671,1,1
769,10.131226230738612,11,12,4401,0.027843907577413396,4,0
770,17.318859570080193,6,14,1837,0.6227322822928333,2,0
771,6.659476054328108,14,7,1684,0.8067575637891261,3,0
772,17.696784376017774,20,11,4926,0.842015661506744,2,0
773,6.912329934979736,18,11,2051,0.48271347307693446,4,0
774,10.959309358405509,28,13,4933,0.7774554671823856,1,0
775,16.959430486693304,24,14,2129,0.6728471334885447,3,0
776,7.248761410231607,32,14,1827,0.7242545274991332,2,0
777,8.438770928489623,48,8,2026,0.4925990052218141,2,0
778,15.833788525895994,31,18,2173,0.6334117402421271,2,0
779,15.800548048191116,48,19,1861,0.805525913576057,1,0
780,14.617214493279459,34,7,2073,0.39788417555702305,3,0
781,15.4092266670065,43,18,3186,0.8059789008675837,1,1
782,13.140866650213942,37,5,4870,0.5920168427890629,1,1
783,8.776985883604292,25,19,2866,0.16590102437078624,1,0
784,10.185439902558791,10,18,4257,0.024684157224584613,4,1
785,7.723965752021385,34,3,2934,0.36275360039915205,4,0
786,18.626758420004425,7,6,2493,0.5466963282963399,4,0
787,13.750876921491807,45,3,1369,0.8398203522034884,3,0
788,11.012771251454598,13,11,1514,0.1274856801402462,1,0
789,11.930087054661989,9,12,2411,0.8002063476835791,1,1
790,19.20925009417723,1,2,1102,0.863009046067227,4,0
791,7.300271046741203,45,11,4321,0.1506874870008338,1,0
792,13.793447480251958,8,1,1190,0.851594319304219,1,0
793,12.58833018326699,2,1,993,0.991453567842792,2,0
794,14.171813531519717,20,8,989,0.7268388310482375,1,0
795,5.271652757312608,25,0,3056,0.784769681824988,2,0
796,18.081858634162273,7,7,4985,0.9944152675588734,1,0
797,18.981774237254186,47,5,794,0.6054812505259454,3,0
798,13.476997753838134,1,5,4527,0.3078863820162494,4,0
799,15.449762358153384,5,17,3343,0.8375308340760557,2,0
800,18.837490717659435,27,16,3412,0.6144857775116312,4,0
801,15.60857951470098,28,11,2217,0.5811954237209566,2,0
802,7.28808564371392,25,5,3096,0.25363555551403827,2,0
803,13.644325402502197,24,7,2373,0.7563342695828866,2,0
804,14.100725695742838,11,18,3758,0.08166727586009626,3,0
805,11.36196006953579,4,9,3317,0.9242870707946612,1,0
806,16.046663534370843,33,0,944,0.32582346077048474,2,1
807,19.01550522153522,47,12,4141,0.12777465278999045,3,0
808,18.883527693601643,36,16,4958,0.4423665331024188,2,0
809,11.762590571061981,14,2,1241,0.042469909256533156,1,1
810,6.698570687611329,43,7,2541,0.6846261942649663,2,0
811,19.77261798443502,35,13,1179,0.9027055104453562,3,0
812,17.583471296689012,14,2,2967,0.8372630071385088,1,0
813,6.869940218049003,42,15,4197,0.12736947344788108,3,0
814,18.812628239260583,47,12,1858,0.12627113710773186,1,0
815,18.048445430931924,22,19,562,0.8134344823242641,1,1
816,12.78257085689108,5,16,3059,0.9242542746031159,4,0
817,13.869131536173938,45,12,4269,0.46066982983348914,4,0
818,10.985040558051953,49,5,4851,0.49897111691376594,4,1
819,5.82142458233047,43,16,634,0.3182620413857259,1,1
820,10.027958624688514,42,13,4144,0.894265118256414,2,0
821,17.042801728970172,44,16,2635,0.6449029052923559,3,0
822,5.069480345069043,20,7,3778,0.2882515771673685,3,0
823,10.002487575367162,22,10,1322,0.2987828710542516,3,0
824,10.97253040386415,42,19,3574,0.8912000730636024,4,0
825,13.060934044068842,15,0,3481,0.013634023905821469,1,1
826,18.797834246191407,46,6,620,0.3227265727266384,4,0
827,10.195189915489419,14,16,2137,0.554356681216369,2,0
828,10.204298028443414,24,9,1424,0.14821746209932463,1,0
829,16.062518721646228,35,10,1144,0.0920987541995898,3,0
830,11.783269113347107,10,8,2532,0.81527633109056,4,0
831,8.36907234409973,14,8,3261,0.8944043886485072,4,0
832,11.7865927419904,3,4,2568,0.8236064207981895,2,0
833,7.112855305696998,20,16,741,0.8987878897373477,2,0
834,7.64580479759335,12,8,3168,0.5531119710583715,4,0
835,12.475516591092196,21,16,1302,0.8122581209903419,2,0
836,11.28388174256822,18,18,4664,0.3840426383911004,3,0
837,18.7226885160215,33,6,695,0.6662678614790385,2,0
838,10.435908486749497,13,8,2687,0.9888355313891645,2,0
839,13.708825254170652,3,6,4015,0.22572772383912743,4,0
840,14.483964318792955,47,12,2830,0.3898997462910806,4,0
841,5.196416848825004,45,10,2859,0.4800473773100856,1,0
842,14.953060580250659,26,13,4106,0.13801548702005173,1,0
843,7.670539503046271,28,18,776,0.08103861046505678,4,0
844,19.416054762041828,46,10,560,0.8297228663216244,2,1
845,7.2299409162966946,27,12,3890,0.9767943728275862,2,0
846,11.219361855905355,34,13,2413,0.40472506382965867,1,0
847,6.280245021179658,7,12,4427,0.08764983619465327,1,0
848,19.95311377768921,15,0,3091,0.06581176069057648,1,0
849,12.532925154968638,41,7,1066,0.8913182063602987,3,1
850,13.930775259800656,35,11,4435,0.46381424972767993,3,0
851,6.006147160826412,29,18,2071,0.3200273165623919,1,0
852,16.249407055987668,17,11,1700,0.4764612712393995,2,0
853,8.148583896433786,1,7,4909,0.31830409469234733,1,0
854,18.470814341610705,48,7,3354,0.48903577530762,3,0
855,8.077094607230109,12,12,3395,0.8595563969179368,2,0
856,7.860315809954999,3,11,1736,0.5923013710620957,3,0
857,5.548245017721423,25,15,636,0.6946537728101754,2,0
858,12.081004176649989,24,0,1529,0.3646706762343366,3,1
859,13.472616998939246,29,12,2656,0.7385058785105187,2,1
860,5.985629591425285,10,6,3094,0.6666170848793723,2,0
861,16.63291425042516,6,4,1161,0.11956199775205645,2,0
862,11.799332521220414,30,7,2972,0.5726428531155846,2,0
863,12.8658540399137,43,13,3177,0.256743496309758,4,0
864,11.611441204073422,9,12,2808,0.8040956696335928,3,1
865,11.01144591312989,38,14,586,0.42593770846693946,3,0
866,13.394604969623268,12,16,3012,0.9946841651964872,4,0
867,7.328603688960688,30,14,3442,0.09250043793896379,2,0
868,7.728921957429067,6,19,3273,0.7803478627401585,2,0
869,17.92678431520276,48,17,3004,0.6737017335421565,3,1
870,19.19173193200449,41,17,3810,0.7674988305907054,4,1
871,10.599639744196294,41,1,2200,0.30752979549045634,2,0
872,9.061170097153306,35,3,4170,0.4920544893824006,2,0
873,14.659993148585237,19,0,3200,0.7965085197237084,2,1
874,11.131012566471446,3,3,4129,0.232541331620855,1,1
875,5.380795334905173,6,17,2147,0.22603319678865208,4,0
876,7.342288960492855,0,4,3818,0.5510509532949324,2,0
877,15.739583432710964,43,18,4187,0.5235635795298558,1,0
878,14.88385912865227,44,14,1096,0.28226247041293284,4,0
879,5.406439887552253,41,7,984,0.29807565052482277,2,1
880,8.329582428994241,46,19,1145,0.2778451632065655,3,0
881,8.46612194882107,12,16,3589,0.7715120619984877,1,1
882,15.078391153980926,21,0,4884,0.6519008655624606,1,0
883,5.295658066315462,20,11,1220,0.8324171834102527,2,0
884,6.561628729768607,21,18,998,0.9754730283140218,2,0
885,16.99874128059784,27,14,2173,0.4741642962719864,1,0
886,7.678169930815004,8,8,3567,0.06669388140544885,3,0
887,14.79119161777812,25,6,614,0.04809231041203543,3,0
888,8.572741715700898,8,1,3479,0.29566503927161913,4,0
889,6.491620891390177,14,8,2236,0.9325445893524509,2,0
890,8.647582864991811,9,9,4111,0.5232130549708749,3,0
891,15.834003977834888,23,1,2753,0.27178651608012916,4,0
892,17.835447021594284,41,18,2794,0.39916679451101955,3,0
893,17.453297968504874,7,10,4130,0.5985951074046708,2,0
894,10.957752944276823,23,12,646,0.6529496581378422,4,0
895,15.021277048559693,15,9,4482,0.15391950978290503,4,0
896,8.074764431237314,48,13,3953,0.977031676545176,4,0
897,9.397215953915198,25,17,2910,0.5447722269827888,3,0
898,18.445037277816795,26,18,636,0.1356883177922793,2,0
899,5.19502885266104,36,8,3860,0.8936352533461337,4,0
900,6.282627962817021,3,6,3505,0.0746384310794288,1,0
901,8.11829382719041,49,2,4052,0.9077354331775127,2,0
902,5.397983058107296,23,19,518,0.9965656562889824,1,0
903,7.7215315263469595,18,5,2742,0.7004317991565039,1,0
904,13.745623414545383,35,1,948,0.7704472210739898,4,0
905,11.32136825888747,38,5,2448,0.3373028364674864,4,0
906,18.390075666154623,9,2,1445,0.9415768527339338,3,0
907,17.261653426076613,24,15,4736,0.5297139661083676,3,0
908,10.127260275468139,17,7,2420,0.7323884465975549,3,0
909,8.891351501469387,18,1,3477,0.9241077159112795,2,0
910,10.695386122509003,35,16,4688,0.9751799759755083,3,0
911,13.854424137722116,9,8,4515,0.8332043565966744,1,0
912,9.020954612343143,32,11,738,0.30301750698203,3,0
913,14.36223361773701,49,2,704,0.9665475165520824,4,0
914,11.141174782868607,4,10,3107,0.6281195312435718,3,0
915,13.280707712779703,46,0,4840,0.9306424763519598,2,0
916,11.54189793702975,48,12,3888,0.6761050258143518,2,0
917,9.416986393128765,34,14,3472,0.3072389618477205,1,0
918,19.22679960443235,43,4,4890,0.37002452414281595,2,0
919,16.454086912396413,33,16,3187,0.5504717771029405,3,0
920,7.101697636496788,32,5,4666,0.790014841559882,4,0
921,18.027019638468694,20,10,1848,0.31798255134033493,2,0
922,12.311467973742705,16,17,4900,0.5797311661341921,1,0
923,18.418283403411372,21,3,1316,0.34562499357640153,3,0
924,16.997828839209728,47,2,1320,0.8157694046351072,1,1
925,11.378202567038501,36,12,692,0.46672809376795044,2,0
926,5.337039624801761,14,8,2276,0.07672282685288523,2,0
927,9.030160390774192,34,5,4145,0.16605252148153637,1,1
928,13.124513219913004,27,11,750,0.06110466761963229,3,0
929,14.50217329739221,6,1,2288,0.49930294601432523,2,0
930,8.868315281498035,31,2,4200,0.10633729734822717,4,0
931,7.090341111092362,10,2,2963,0.1141399693096321,2,0
932,17.523953551989486,9,11,1667,0.941048260038377,3,0
933,19.766032710553283,8,14,4393,0.8726550721760554,2,0
934,12.885352734540287,13,8,1596,0.452086596811366,1,0
935,7.575189287724553,12,7,3179,0.9858053208502058,2,0
936,9.084609897790534,24,10,2347,0.0001865281706631139,2,1
937,5.275860148212001,1,15,4404,0.6139794562733938,3,1
938,18.714482098407487,34,3,1004,0.6164281773718701,1,0
939,6.766266243352117,6,0,2121,0.4574430558698882,3,0
940,13.647747132713803,20,6,2972,0.39694797293429285,2,0
941,9.11082831030809,17,1,3046,0.4553831354806076,4,1
942,13.3126700377369,2,4,1887,0.4149604360796805,2,0
943,14.771305825277963,41,6,3494,0.7304924774822994,3,0
944,17.446127055608024,38,3,4316,0.13535543497328406,4,0
945,8.09631907640905,40,4,1217,0.19763922059113015,3,0
946,5.164937429877207,48,0,3984,0.1805182283924236,3,0
947,7.053284451032109,10,0,4934,0.26247058512126453,1,0
948,18.500279627721575,38,14,1158,0.5252584187815833,4,0
949,18.108351163437728,23,19,4508,0.11120874733821873,2,0
950,13.961196532554624,45,18,4734,0.8681692953265041,3,0
951,14.0077529065048,18,9,4264,0.2973615313084723,2,0
952,14.975550118193832,3,17,3489,0.16253798746870785,1,1
953,7.630569179351744,25,2,2604,0.6756213095982433,1,1
954,18.7161791888744,37,10,1755,0.03808630059931928,4,1
955,11.281557873381097,41,14,2982,0.6199685648741642,1,1
956,10.747077923742463,31,10,883,0.6981984306764998,1,0
957,12.783765579242562,38,16,3107,0.21491653138671918,2,0
958,5.704489501625826,44,16,693,0.04196407344363429,1,0
959,7.494250531341191,45,5,4307,0.3636453589194496,1,1
960,16.070504246395558,35,4,4219,0.09859423024193648,3,0
961,6.241980018876897,39,7,3081,0.11647784967333707,1,0
962,14.047281641995824,36,1,3065,0.25426123144486457,3,0
963,8.680236645219814,32,15,3263,0.2954679246267593,1,0
964,10.839434210629648,35,19,3298,0.5299703410214206,1,0
965,9.330406051560498,2,11,2839,0.6783918855030131,4,0
966,10.335090746974238,8,5,3906,0.5927709408701848,4,0
967,15.785688577763683,7,0,1231,0.1483603372895168,3,0
968,9.456825734347625,32,3,3372,0.17208603245262644,1,0
969,13.496069604453458,5,16,3620,0.8787692497929145,2,0
970,12.140756032986495,40,12,4677,0.5583523150641136,4,1
971,14.955067480439721,38,17,3104,0.869937832897689,2,0
972,19.05244608987137,3,4,2882,0.3715465113198744,4,0
973,15.988581458153755,12,2,1031,0.6144000074313238,4,0
974,8.224105678861351,48,10,4816,0.5236634160546108,1,0
975,5.46774702591927,1,12,1134,0.31912348982046257,4,0
976,8.933960664497377,4,3,2269,0.46991537203359535,2,0
977,13.926168960503823,43,13,4304,0.502490876826932,4,0
978,5.771387202263755,26,10,2870,0.2007709747566786,3,0
979,12.445493708018546,31,9,502,0.3150103723767316,1,0
980,13.952642733753338,20,18,705,0.7914097505069756,1,0
981,10.013658362254413,7,17,4635,0.9157882394541271,3,0
982,16.56368305618733,37,5,3121,0.35979409354529945,3,0
983,6.598973797006577,7,14,3390,0.3069722822090182,3,0
984,6.127066726037132,49,9,3693,0.19519716457188252,4,1
985,15.92283134305405,2,4,3166,0.6784911686505812,1,0
986,12.432369743092977,43,4,3806,0.3230997016663373,3,0
987,15.32603594641604,2,9,1397,0.9877495390991885,4,0
988,11.522410079056193,21,4,1585,0.3256848020639532,3,0
989,8.696030498586602,5,2,1779,0.39413604678262815,2,0
990,17.286534765112997,1,5,1170,0.6033341962120348,2,0
991,16.991238184534687,22,3,2005,0.801684293191305,1,0
992,15.420447062816402,43,17,4075,0.4695186653456337,4,0
993,9.08217705844944,1,8,2455,0.42265603378895833,2,0
994,13.853460003036307,37,16,749,0.9956378335948083,2,0
995,10.414608454100403,16,12,2392,0.010493641139944443,4,0
996,6.373731099899512,34,14,3939,0.8950652888512458,3,0
997,18.75970363193364,33,19,2353,0.14914082593973743,4,1
998,7.052279463784421,22,16,3354,0.7859252762089134,3,0
999,19.253560307312036,29,12,2003,0.617931559846298,2,0
1000,11.690086594369337,7,15,3885,0.34184728549809207,2,0
